"Model","Time_series","Lag_1_ACF","Ljung_Box_p_value"
"LM1_population","A",0.402684867062521,0.235219884612848
"LM1_population","B",-0.0370567866084303,0.326533668358018
"LM1_population","C",-0.108750458673562,0.801113909807269
"LM1_population","D",-0.483912474367151,0.40097500315257
"LM1_population","E",-0.56915907190641,0.179629494601069
"LM1_population","F",-0.186521420746378,0.678552367803264
"LM1_population","G",0.103677412218227,0.696160296795035
"LM1_population","H",-0.120887958430081,0.167696728934278
"LM1_population","I",-0.208848480747416,0.0664820600034104
"LM1_population","J",-0.423072865935258,0.124656295502207
"LM1_population","K",-0.477770253400747,0.49309883893467
"LM1_population","L",0.0293307259926498,0.599543546587841
"LM2_phenotype","A",-0.484072047073581,0.193636044144319
"LM2_phenotype","B",0.0371307666730372,0.992560621583625
"LM2_phenotype","C",-0.51820578398849,0.349308048994976
"LM2_phenotype","D",-0.57853788737131,0.0780054690865278
"LM2_phenotype","E",0.13555188595647,0.563560872881824
"LM2_phenotype","F",0.00915313974735883,0.415418910883412
"LM2_phenotype","G",0.254524233939729,0.0656439672496891
"LM2_phenotype","H",-0.431743106058664,0.0681687980297037
"LM2_phenotype","I",-0.485051838894274,0.494298653621867
"LM2_phenotype","J",0.395403057562285,0.0927982117420602
"LM2_phenotype","K",0.131028976914034,0.97588689233414
"LM2_phenotype","L",-0.102451953541733,0.926098966636666
